<?xml version="1.0" encoding="UTF-8"?><wordclock language="cs">	<title>		<![CDATA[pátek dvacátéhoprvního prosince dvě hodiny dvacetjedna po půlnoci třicetpět sekund.]]>	</title>	<author>		<name><![CDATA[macoffee]]></name>		<url><![CDATA[http://www.macoffee.net/]]></url>		<email><![CDATA[macoffee.net@gmail.com]]></email>	</author>	<suitability>		<suitable style="linear" />		<suitable style="rotary" />	</suitability>	<group>		<sequence bind="daystartingmonday" first="0" delimeter=",">			<![CDATA[pondělí,úterý,středa,čtvrtek,pátek,sobota,neděle]]>		</sequence>	</group>	<group>		<sequence bind="date" first="1" delimeter=",">			<![CDATA[prvního,druhého,třetího,čtvrtého,pátého,šestého,sedmého,osmého,devátého,desátého,jedenáctého,dvanáctého,třináctého,čtrnáctého,patnáctého,šestnáctého,sedmnáctého,osmnáctého,devatenáctého,dvacátého,dvacátéhoprvého,dvacátéhodruhého,dvacátéhotřetího,dvacátéhočtvrtého,dvacátéhopátého,dvacátéhošestého,dvacátéhosedmého,dvacátéhoosmého,dvacátéhodevátého,třicátého,třicátéhoprvního]]>		</sequence>	</group>	<group>		<sequence bind="month" first="0" delimeter=",">			<![CDATA[ledna,února,března,dubna,května,června,července,srpna,září,října,listopadu,prosince]]>		</sequence>	</group>	<group>		<sequence bind="hour" first="0" delimeter=",">			<![CDATA[jedna,dvě,tři,čtyři,pět,šest,sedm,osm,děvět,deset,jedenáct,dvanáct,třináct,čtrnáct,patnáct,šestnáct,sedmnáct,osemnáct,devatenáct,dvacet,dvacetjedna,dvacetdva,dvacettři,půlnoc]]>		</sequence>	</group>	<group>		<item highlight="(hour!=0) &amp;&amp; hour&lt;=1"><![CDATA[hodina]]></item>		<item highlight="(hour!=0) &amp;&amp; hour&lt;=4"><![CDATA[hodiny]]></item>		<item highlight="(hour!=0) &amp;&amp; hour&gt;=5"><![CDATA[hodin]]></item>		<space count="57" />	</group>	<group>		<sequence bind="minute" first="0" delimeter=",">			<![CDATA[přesně,jedna,dvě,tři,čtyři,pět,šest,sedm,osm,děvět,deset,jedenáct,dvanáct,třináct,čtrnáct,patnáct,šestnáct,sedmnáct,osemnáct,devatenáct,dvacet,dvacetjedna,dvacetdva,dvacettři,dvacetčtyři,dvacetpět,dvacetšest,dvacetsedm,dvacetosm,dvacetděvet,třicet,třicetjedna,třicetdva,třicettři,třicetčtyři,třicetpět,třicetšest,třicetsedm,třicetosm,třicetdevět,čtyřicet,čtyřicetjedna,čtyřicetdva,čtyřicetři,čtyřicetčtyři,čtyřicetpět,čtyřicetšest,čtyřicetsedm,čtyřicetosm,čtyřicetdevět,padesát,padesátjedna,padesátdva,padesáttři,padesátčtyři,padesátpět,padesátšest,padesátsedm,padesátosm,padesátdevět]]>		</sequence>	</group>	<group>		<item highlight="(minute!=0) &amp;&amp; minute&lt;=1"><![CDATA[minuta]]></item>		<item highlight="(minute!=0) &amp;&amp; minute&lt;=4"><![CDATA[minuty]]></item>		<item highlight="(minute!=0) &amp;&amp; minute&gt;=5"><![CDATA[minut]]></item>		<item highlight="else"><![CDATA[]]></item>		<space count="56" />	</group>	<group>		<item highlight="hour==0 &amp;&amp; minute==0"><![CDATA[půlnoc]]></item>		<item highlight="hour==0 &amp;&amp; minute!=0"><![CDATA[po půlnoci]]></item>		<item highlight="else"><![CDATA[]]></item>		<space count="57" />	</group>	<group>		<item highlight="second!=0"><![CDATA[a]]></item>		<item highlight="else"><![CDATA[]]></item>		<space count="58" />	</group>	<group>		<sequence bind="second" first="0" delimeter=",">			<![CDATA[přesně,jedna,dvě,tři,čtyři,pět,šest,sedm,osm,děvět,deset,jedenáct,dvanáct,třináct,čtrnáct,patnáct,šestnáct,sedmnáct,osemnáct,devatenáct,dvacet,dvacetjedna,dvacetdva,dvacettři,dvacetčtyři,dvacetpět,dvacetšest,dvacetsedm,dvacetosm,dvacetděvet,třicet,třicetjedna,třicetdva,třicettři,třicetčtyři,třicetpět,třicetšest,třicetsedm,třicetosm,třicetdevět,čtyřicet,čtyřicetjedna,čtyřicetdva,čtyřicetři,čtyřicetčtyři,čtyřicetpět,čtyřicetšest,čtyřicetsedm,čtyřicetosm,čtyřicetdevět,padesát,padesátjedna,padesátdva,padesáttři,padesátčtyři,padesátpět,padesátšest,padesátsedm,padesátosm,padesátdevět]]>		</sequence>	</group>	<group>		<item highlight="(second!=0) &amp;&amp; second&lt;=1"><![CDATA[sekunda]]></item>		<item highlight="(second!=0) &amp;&amp; second&lt;=4"><![CDATA[sekundy]]></item>		<item highlight="(second!=0) &amp;&amp; second&gt;=5"><![CDATA[sekund]]></item>		<space count="57" />	</group></wordclock>