<?xml version="1.0" encoding="UTF-8"?><!-- file:///Users/simon/Cocoa/wordclock_screensaver/xml/English_24_hour.xml --><wordclock language="en">    <title>        <![CDATA[(24 hour) Twenty-two ten and twenty-one seconds.]]>    </title>    <author>        <name>            <![CDATA[Simon Heys]]>        </name>        <url>            <![CDATA[http://www.simonheys.com/]]>        </url>        <email>            <![CDATA[si@simonheys.com]]>        </email>    </author>    <suitability>        <suitable style="linear"/>        <suitable style="rotary"/>    </suitability>    <group>        <sequence bind="twentyfourhour" first="0" delimeter=",">            <![CDATA[Zero,Oh one,Oh two,Oh three,Oh four,Oh five,Oh six,Oh seven,Oh eight,Oh nine,Ten,Eleven,Twelve,Thirteen,Fourteen,Fifteen,Sixteen,Seventeen,Eighteen,Nineteen,Twenty,Twenty-one,Twenty-two,Twenty-three]]>        </sequence>    </group>    <group>        <sequence bind="minute" first="0" delimeter=",">            <![CDATA[hundred,oh one,oh two,oh three,oh four,oh five,oh six,oh seven,oh eight,oh nine,ten,eleven,twelve,thirteen,fourteen,fifteen,sixteen,seventeen,eighteen,nineteen,twenty,twenty-one,twenty-two,twenty-three,twenty-four,twenty-five,twenty-six,twenty-seven,twenty-eight,twenty-nine,thirty,thirty-one,thirty-two,thirty-three,thirty-four,thirty-five,thirty-six,thirty-seven,thirty-eight,thirty-nine,forty,forty-one,forty-two,forty-three,forty-four,forty-five,forty-six,forty-seven,forty-eight,forty-nine,fifty,fifty-one,fifty-two,fifty-three,fifty-four,fifty-five,fifty-six,fifty-seven,fifty-eight,fifty-nine]]>        </sequence>    </group>    <group>        <item highlight="true">            <![CDATA[and]]>        </item>    </group>    <group>        <sequence bind="second" first="0" delimeter=",">            <![CDATA[,one,two,three,four,five,six,seven,eight,nine,ten,eleven,twelve,thirteen,fourteen,fifteen,sixteen,seventeen,eighteen,nineteen,twenty,twenty-one,twenty-two,twenty-three,twenty-four,twenty-five,twenty-six,twenty-seven,twenty-eight,twenty-nine,thirty,thirty-one,thirty-two,thirty-three,thirty-four,thirty-five,thirty-six,thirty-seven,thirty-eight,thirty-nine,forty,forty-one,forty-two,forty-three,forty-four,forty-five,forty-six,forty-seven,forty-eight,forty-nine,fifty,fifty-one,fifty-two,fifty-three,fifty-four,fifty-five,fifty-six,fifty-seven,fifty-eight,fifty-nine]]>        </sequence>    </group>    <group>        <item highlight="second==0">            <![CDATA[]]>        </item>        <item highlight="second==1">            <![CDATA[second]]>        </item>        <item highlight="second>1">            <![CDATA[seconds]]>        </item>        <space count="57"/>    </group></wordclock>