<?xml version="1.0" encoding="UTF-8"?><wordclock language="fi">    <title>        <![CDATA[Perjantai yhdeksäs elokuuta, yksitoista viisikymmentä ja seitsemän sekunttia.]]>    </title>    <author>        <name>            <![CDATA[Mikko Levo]]>        </name>        <url>            <![CDATA[http://mikkolevo.com/]]>        </url>        <email>            <![CDATA[mikko@mikkolevo.com]]>        </email>    </author>    <suitability>        <suitable style="linear"/>        <suitable style="rotary"/>    </suitability>    <group>        <sequence bind="daystartingmonday" first="0" delimeter=",">            <![CDATA[Maanantai,Tiistai,Keskiviikko,Torstai,Perjantai,Lauantai,Sunnuntai]]>        </sequence>    </group>    <group>        <sequence bind="date" first="1" delimeter=",">            <![CDATA[ensimmäinen,toinen,kolmas,neljäs,viides,kuudes,seitsemäs,kahdeksas,yhdeksäs,kymmenes,yhdestoista,kahdestoista,kolmastoista,neljästoista,viidestoista,kuudestoista,seitsemästoista,kahdeksastoista,yhdeksästoista,kahdeskymmenes,kahdeskymmenesensimmäinen,kahdeskymmenestoinen,kahdeskymmeneskolmas,kahdeskymmenesneljäs,kahdeskymmenesviides,kahdeskymmeneskuudes,kahdeskymmenesseitsemäs,kahdeskymmeneskahdeksas,kahdeskymmenesyhdeksäs,kolmaskymmenes,kolmaskymmenesensimmäinen]]>        </sequence>    </group>    <group>        <sequence bind="month" first="0" delimeter=",">            <![CDATA[tammikuuta,helmikuuta,maaliskuuta,huhtikuuta,toukokuuta,kesäkuuta,heinäkuuta,elokuuta,syyskuuta,lokakuuta,marraskuuta,joulukuuta]]>        </sequence>    </group>    <group>        <item highlight="true">            <![CDATA[,]]>        </item>    </group>    <group>        <sequence bind="twentyfourhour" first="0" delimeter=",">            <![CDATA[nolla,yksi,kaksi,kolme,neljä,viisi,kuusi,seitsemän,kahdeksan,yhdeksän,kymmenen,yksitoista,kaksitoista,kolmetoista,neljätoista,viisitoista,kuusitoista,seitsemäntoista,kahdeksantoista,yhdeksäntoista,kaksikymmentä,kaksikymmentäyksi,kaksikymmentäkaksi,kaksikymmentäkolme]]>        </sequence>    </group>    <group>        <sequence bind="minute" first="0" delimeter=",">            <![CDATA[nolla nolla,nolla yksi,nolla kaksi,nolla kolme,nolla neljä,nolla viisi,nolla kuusi,nolla seitsemän,nolla kahdeksan,nolla yhdeksän,kymmenen,yksitoista,kaksitoista,kolmetoista,neljätoista,viisitoista,kuusitoista,seitsemäntoista,kahdeksantoista,yhdeksäntoista,kaksikymmentä,kaksikymmentäyksi,kaksikymmentäkaksi,kaksikymmentäkolme,kaksikymmentäneljä,kaksikymmentäviisi,kaksikymmentäkuusi,kaksikymmentäseitsemän,kaksikymmentäkahdeksan,kaksikymmentäyhdeksän,kolmekymmentä,kolmekymmentäyksi,kolmekymmentäkaksi,kolmekymmentäkolme,kolmekymmentäneljä,kolmekymmentäviisi,kolmekymmentäkuusi,kolmekymmentäseitsemän,kolmekymmentäkahdeksan,kolmekymmentäyhdeksän,neljäkymmentä,neljäkymmentäyksi,neljäkymmentäkaksi,neljäkymmentäkolme,neljäkymmentäneljä,neljäkymmentäviisi,neljäkymmentäkuusi,neljäkymmentäseitsemän,neljäkymmentäkahdeksan,neljäkymmentäyhdeksän,viisikymmentä,viisikymmentäyksi,viisikymmentäkaksi,viisikymmentäkolme,viisikymmentäneljä,viisikymmentäviisi,viisikymmentäkuusi,viisikymmentäseitsemän,viisikymmentäkahdeksan,viisikymmentäyhdeksän]]>        </sequence>    </group>    <group>        <item highlight="true">            <![CDATA[ja]]>        </item>    </group>    <group>        <sequence bind="second" first="0" delimeter=",">            <![CDATA[nolla,yksi,kaksi,kolme,neljä,viisi,kuusi,seitsemän,kahdeksan,yhdeksän,kymmenen,yksitoista,kaksitoista,kolmetoista,neljätoista,viisitoista,kuusitoista,seitsemäntoista,kahdeksantoista,yhdeksäntoista,kaksikymmentä,kaksikymmentäyksi,kaksikymmentäkaksi,kaksikymmentäkolme,kaksikymmentäneljä,kaksikymmentäviisi,kaksikymmentäkuusi,kaksikymmentäseitsemän,kaksikymmentäkahdeksan,kaksikymmentäyhdeksän,kolmekymmentä,kolmekymmentäyksi,kolmekymmentäkaksi,kolmekymmentäkolme,kolmekymmentäneljä,kolmekymmentäviisi,kolmekymmentäkuusi,kolmekymmentäseitsemän,kolmekymmentäkahdeksan,kolmekymmentäyhdeksän,neljäkymmentä,neljäkymmentäyksi,neljäkymmentäkaksi,neljäkymmentäkolme,neljäkymmentäneljä,neljäkymmentäviisi,neljäkymmentäkuusi,neljäkymmentäseitsemän,neljäkymmentäkahdeksan,neljäkymmentäyhdeksän,viisikymmentä,viisikymmentäyksi,viisikymmentäkaksi,viisikymmentäkolme,viisikymmentäneljä,viisikymmentäviisi,viisikymmentäkuusi,viisikymmentäseitsemän,viisikymmentäkahdeksan,viisikymmentäyhdeksän]]>        </sequence>    </group>    <group>        <item highlight="second==1">            <![CDATA[sekuntti]]>        </item>        <item highlight="second!=1">            <![CDATA[sekunttia]]>        </item>        <space count="58"/>    </group></wordclock>