<?xml version="1.0" encoding="UTF-8"?>
<wordclock language="fr">
    <title>
        <![CDATA[Trois heures, quatre minutes, une second]]>
    </title>
    <author>
        <name>
            <![CDATA[Fabien Goy]]>
        </name>
        <url>
            <![CDATA[]]>
        </url>
        <email>
            <![CDATA[]]>
        </email>
    </author>
    <suitability>
        <suitable style="linear"/>
        <suitable style="rotary"/>
    </suitability>
    <group>
        <sequence bind="twentyfourhour" first="0" delimeter=",">
            <![CDATA[Zéro,Une,Deux,Trois,Quatre,Cinq,Six,Sept,Huit,Neuf,Dix,Onze,Douze,Treize,Quatorze,Quinze,Seize,Dix-sept,Dix-huit,Dix-neuf,Vingt,Vingt-et-une,Vingt-deux,Vingt-trois]]>
        </sequence>
    </group>
    <group>
        <item highlight="hour&lt;=1">
            <![CDATA[heure,]]>
        </item>
        <item highlight="hour&gt;=2">
            <![CDATA[heures,]]>
        </item>
        <space count="58"/>
    </group>
    <group>
        <sequence bind="minute" first="0" delimeter=",">
            <![CDATA[zéro,une,deux,trois,quatre,cinq,six,sept,huit,neuf,dix,onze,douze,treize,quatorze,quinze,seize,dix-sept,dix-huit,dix-neuf,vingt,vingt-et-une,vingt-deux,vingt-trois,vingt-quatre,vingt-cinq,vingt-six,vingt-sept,vingt-huit,vingt-neuf,trente,trente-et-une,trente-deux,trente-trois,trente-quatre,trente-cinq,trente-six,trente-sept,trente-huit,trente-neuf,quarante,quarante-et-une,quarante-deux,quarante-trois,quarante-quatre,quarante-cinq,quarante-six,quarante-sept,quarante-huit,quarante-neuf,cinquante,cinquante-et-une,cinquante-deux,cinquante-trois,cinquante-quatre,cinquante-cinq,cinquante-six,cinquante-sept,cinquante-huit,cinquante-neuf]]>
        </sequence>
    </group>
    <group>
        <item highlight="minute&lt;=1">
            <![CDATA[minute]]>
        </item>
        <item highlight="minute&gt;=2">
            <![CDATA[minutes]]>
        </item>
        <space count="58"/>
    </group>
    <group>
        <sequence bind="second" first="0" delimeter=",">
            <![CDATA[zéro,une,deux,trois,quatre,cinq,six,sept,huit,neuf,dix,onze,douze,treize,quatorze,quinze,seize,dix-sept,dix-huit,dix-neuf,vingt,vingt-et-une,vingt-deux,vingt-trois,vingt-quatre,vingt-cinq,vingt-six,vingt-sept,vingt-huit,vingt-neuf,trente,trente-et-une,trente-deux,trente-trois,trente-quatre,trente-cinq,trente-six,trente-sept,trente-huit,trente-neuf,quarante,quarante-et-une,quarante-deux,quarante-trois,quarante-quatre,quarante-cinq,quarante-six,quarante-sept,quarante-huit,quarante-neuf,cinquante,cinquante-et-une,cinquante-deux,cinquante-trois,cinquante-quatre,cinquante-cinq,cinquante-six,cinquante-sept,cinquante-huit,cinquante-neuf]]>
        </sequence>
    </group>
    
    <group>
        <item highlight="second&lt;=1">
            <![CDATA[seconde]]>
        </item>
        <item highlight="second&gt;=2">
            <![CDATA[secondes]]>
        </item>
        <space count="58"/>
    </group>
</wordclock>
