<?xml version="1.0" encoding="UTF-8"?><wordclock language="de">    <title>        <![CDATA[Samstag der siebte Juli, drei Uhr achtunddreißig und siebenundzwanzig Sekunden.]]>    </title>    <author>        <name>            <![CDATA[Ole Zorn]]>        </name>        <url>            <![CDATA[http://www.omz-software.de/]]>        </url>        <email>            <![CDATA[olezorn@gmx.net]]>        </email>    </author>    <suitability>        <suitable style="linear"/>        <suitable style="rotary"/>    </suitability>    <group>        <sequence bind="daystartingmonday" first="0" delimeter=",">            <![CDATA[Montag,Dienstag,Mittwoch,Donnerstag,Freitag,Samstag,Sonntag]]>        </sequence>    </group>    <group>        <item highlight="true">            <![CDATA[der]]>        </item>    </group>    <group>        <sequence bind="date" first="1" delimeter=",">            <![CDATA[erste,zweite,dritte,vierte,fünfte,sechste,siebte,achte,neunte,zehnte,elfte,zwölfte,dreizehnte,vierzehnte,fünfzehnte,sechzehnte,siebzehnte,achtzehnte,neunzehnte,zwanzigste,einundzwanzigste,zweiundzwanzigste,dreiundzwanzigste,vierundzwanzigste,fünfundzwanzigste,sechsundzwanzigste,siebenundzwanzigste,achtundzwanzigste,neunundzwanzigste,dreißigste,einunddreißigste]]>        </sequence>    </group>    <group>        <sequence bind="month" first="0" delimeter=",">            <![CDATA[Januar,Februar,März,April,Mai,Juni,Juli,August,September,Oktober,November,Dezember]]>        </sequence>    </group>    <group>        <item highlight="true">            <![CDATA[,]]>        </item>    </group>    <group>        <sequence bind="twentyfourhour" first="0" delimeter=",">            <![CDATA[null,ein,zwei,drei,vier,fünf,sechs,sieben,acht,neun,zehn,elf,zwölf,dreizehn,vierzehn,fünfzehn,sechzehn,siebzehn,achtzehn,neunzehn,zwanzig,einundzwanzig,zweiundzwanzig,dreiundzwanzig]]>        </sequence>    </group>    <group>        <item highlight="true">            <![CDATA[Uhr]]>        </item>    </group>    <group>        <sequence bind="minute" first="0" delimeter=",">            <![CDATA[,eins,zwei,drei,vier,fünf,sechs,sieben,acht,neun,zehn,elf,zwölf,dreizehn,vierzehn,fünfzehn,sechzehn,siebzehn,achtzehn,neunzehn,zwanzig,einundzwanzig,zweiundzwanzig,dreiundzwanzig,vierundzwanzig,fünfundzwanzig,sechsundzwanzig,siebenundzwanzig,achtundzwanzig,neunundzwanzig,dreißig,einunddreißig,zweiunddreißig,dreiunddreißig,vierunddreißig,fünfunddreißig,sechsunddreißig,siebenunddreißig,achtunddreißig,neununddreißig,vierzig,einundvierzig,zweiundvierzig,dreiundvierzig,vierundvierzig,fünfundvierzig,sechsundvierzig,siebenundvierzig,achtundvierzig,neunundvierzig,fünfzig,einundfünfzig,zweiundfünfzig,dreiundfünfzig,vierundfünfzig,fünfundfünfzig,sechsundfünfzig,siebenundfünfzig,achtundfünfzig,neunundfünfzig]]>        </sequence>    </group>    <group>        <item highlight="second==0">            <![CDATA[]]>        </item>        <item highlight="second!=0">            <![CDATA[und]]>        </item>        <space count="58"/>    </group>    <group>        <sequence bind="second" first="0" delimeter=",">            <![CDATA[,eine,zwei,drei,vier,fünf,sechs,sieben,acht,neun,zehn,elf,zwölf,dreizehn,vierzehn,fünfzehn,sechzehn,siebzehn,achtzehn,neunzehn,zwanzig,einundzwanzig,zweiundzwanzig,dreiundzwanzig,vierundzwanzig,fünfundzwanzig,sechsundzwanzig,siebenundzwanzig,achtundzwanzig,neunundzwanzig,dreißig,einunddreißig,zweiunddreißig,dreiunddreißig,vierunddreißig,fünfunddreißig,sechsunddreißig,siebenunddreißig,achtunddreißig,neununddreißig,vierzig,einundvierzig,zweiundvierzig,dreiundvierzig,vierundvierzig,fünfundvierzig,sechsundvierzig,siebenundvierzig,achtundvierzig,neunundvierzig,fünfzig,einundfünfzig,zweiundfünfzig,dreiundfünfzig,vierundfünfzig,fünfundfünfzig,sechsundfünfzig,siebenundfünfzig,achtundfünfzig,neunundfünfzig]]>        </sequence>    </group>    <group>        <item highlight="second&lt;1">            <![CDATA[]]>        </item>        <item highlight="second==1">            <![CDATA[Sekunde]]>        </item>        <item highlight="second&gt;1">            <![CDATA[Sekunden]]>        </item>        <space count="57"/>    </group></wordclock>