<?xml version="1.0" encoding="UTF-8"?><wordclock language="hi">    <title>        <![CDATA[ब्रहस्पतिवार, तीन फ़रवरी, रात के पांच बजकर पांच मिनट चौबीस सेकिंड]]>    </title>    <author>        <name>            <![CDATA[Nitin Madnani]]>        </name>        <url>            <![CDATA[]]>        </url>        <email>            <![CDATA[nmadnani@umiacs.umd.edu]]>        </email>    </author>    <suitability>        <suitable style="linear"/>        <suitable style="rotary"/>    </suitability>    <group>        <sequence bind="day" first="0" delimeter=",">            <![CDATA[रविवार,सोमवार,मंगलवार,बुधवार,ब्रहस्पतिवार,शुक्रवार,शनिवार]]>        </sequence>    </group>    <group>        <item highlight="true">            <![CDATA[,]]>        </item>    </group>    <group>        <sequence bind="date" first="1" delimeter=",">            <![CDATA[एक,दौ,तीन,चार,पांच,छह,सात,आठ,नौ,दस,ग्यारह,बारह,तेरह,चौदह,पंद्रह,सौलह,सत्रह,अठारह,उन्नीस,बीस,इक्कीस,बाईस,तेईस,चौबीस,पच्चीस,छब्बीस,सत्ताईस,अट्ठाईस,उन्नत्तीस,तीस,इक्कत्तीस]]>        </sequence>    </group>    <group>        <sequence bind="month" first="0" delimeter=",">            <![CDATA[जनवरी,फ़रवरी,मार्च,अप्रेल,मई,जून,जुलाई,अगस्त,सपतंबर,अक्तूबर,नवंबर,दिसंबर]]>        </sequence>    </group>    <group>        <item highlight="true">            <![CDATA[,]]>        </item>    </group>    <group>        <item highlight="twentyfourhour&lt;12">            <![CDATA[सुबह के]]>        </item>        <item highlight="twentyfourhour&lt;20">            <![CDATA[शाम के]]>        </item>        <item highlight="twentyfourhour&gt;=20">            <![CDATA[रात के]]>        </item>        <space count="57"/>    </group>    <group>        <sequence bind="hour" first="1" delimeter=",">            <![CDATA[एक,दौ,तीन,चार,पांच,छह,सात,आठ,नौ,दस,ग्यारह,बारह]]>        </sequence>    </group>    <group>        <item highlight="true">            <![CDATA[बजकर]]>        </item>    </group>    <group>        <sequence bind="minute" first="0" delimeter=",">            <![CDATA[शून्य,एक,दौ,तीन,चार,पांच,छह,सात,आठ,नौ,दस,ग्यारह,बारह,तेरह,चौदह,पंद्रह,सौलह,सत्रह,अठारह,उन्नीस,बीस,इक्कीस,बाईस,तेईस,चौबीस,पच्चीस,छब्बीस,सत्ताईस,अट्ठाईस,उन्नत्तीस,तीस,इक्कत्तीस,बत्तीस,तैंतीस,चौंतीस,पैंतीस,छत्तीस,सैंतीस,अड़तीस,उनतालीस,चालीस,इक्तालीस,ब्यालीस,तैंतालीस,चौंतालीस,पैंतालीस,छयालीस,सैंतालीस,अड़तालीस,उनचास,पचास,इक्यावन,बावन,तरेपन,चौवन,पचपन,छप्पन,सत्तावन,अट्ठावन,उनसठ]]>        </sequence>    </group>    <group>        <item highlight="true">            <![CDATA[मिनट]]>        </item>    </group>    <group>        <sequence bind="second" first="0" delimeter=",">            <![CDATA[शून्य,एक,दौ,तीन,चार,पांच,छह,सात,आठ,नौ,दस,ग्यारह,बारह,तेरह,चौदह,पंद्रह,सौलह,सत्रह,अठारह,उन्नीस,बीस,इक्कीस,बाईस,तेईस,चौबीस,पच्चीस,छब्बीस,सत्ताईस,अट्ठाईस,उन्नत्तीस,तीस,इक्कत्तीस,बत्तीस,तैंतीस,चौंतीस,पैंतीस,छत्तीस,सैंतीस,अड़तीस,उनतालीस,चालीस,इक्तालीस,ब्यालीस,तैंतालीस,चौंतालीस,पैंतालीस,छयालीस,सैंतालीस,अड़तालीस,उनचास,पचास,इक्यावन,बावन,तरेपन,चौवन,पचपन,छप्पन,सत्तावन,अट्ठावन,उनसठ]]>        </sequence>    </group>    <group>        <item highlight="true">            <![CDATA[सेकिंड]]>        </item>    </group></wordclock>