<?xml version="1.0" encoding="UTF-8"?><wordclock language="id">    <title>        <![CDATA[Minggu delapanbelas September, jam duapuluh tiga limabelas menit dan limapuluh dua detik.]]>    </title>    <author>        <name>            <![CDATA[Andre As]]>        </name>        <url>            <![CDATA[]]>        </url>        <email>            <![CDATA[dre051@yahoo.com]]>        </email>    </author>    <suitability>        <suitable style="linear"/>        <suitable style="rotary"/>    </suitability>    <group>        <sequence bind="day" first="0" delimeter=",">            <![CDATA[Minggu,Senin,Selasa,Rabu,Kamis,Jum'at,Sabtu]]>        </sequence>    </group>    <group>        <sequence bind="date" first="1" delimeter=",">            <![CDATA[satu,dua,tiga,empat,lima,enam,tujuh,delapan,sembilan,sepuluh,sebelas,duabelas,tigabelas,empatbelas,limabelas,enambelas,tujuhbelas,delapanbelas,sembilanbelas,duapuluh,duapuluh satu,duapuluh dua,duapuluh tiga,duapuluh empat,duapuluh lima,duapuluh enam,duapuluh tujuh,duapuluh delapan,duapuluh sembilan,tigapuluh,tigapuluh satu]]>        </sequence>    </group>    <group>        <sequence bind="month" first="0" delimeter=",">            <![CDATA[Januari,Februari,Maret,April,Mei,Juni,Juli,Agustus,September,Oktober,November,Desember]]>        </sequence>    </group>    <group>        <item highlight="true">            <![CDATA[, jam]]>        </item>    </group>    <group>        <sequence bind="twentyfourhour" first="0" delimeter=",">            <![CDATA[nol nol,satu,dua,tiga,empat,lima,enam,tujuh,delapan,sembilan,sepuluh,sebelas,duabelas,tigabelas,empatbelas,limabelas,enambelas,tujuhbelas,delapanbelas,sembilanbelas,duapuluh,duapuluh satu,duapuluh dua,duapuluh tiga]]>        </sequence>    </group>    <group>        <sequence bind="minute" first="0" delimeter=",">            <![CDATA[nol nol,nol satu,nol dua,nol tiga,nol empat,nol lima,nol enam,nol tujuh,nol delapan,nol sembilan,sepuluh,sebelas,duabelas,tigabelas,empatbelas,limabelas,enambelas,tujuhbelas,delapanbelas,sembilanbelas,duapuluh,dupuluh satu,duapuluh dua,duapuluh tiga,duapuluh empat,duapuluh lima,duapuluh enam,duapuluh tujuh,duapuluh delapan,duapuluh sembilan,tigapuluh,tigapuluh satu,tigapuluh dua,tigapuluh tiga,tigapuluh empat,tigapuluh lima,tigapuluh enam,tigapuluh tujuh,tigapuluh delapan,tigapuluh sembilan,empatpuluh,empatpuluh satu,empatpuluh dua,empatpuluh tiga,empatpuluh empat,empatpuluh lima,empatpuluh enam,empatpuluh tujuh,empatpuluh delapan,empatpuluh sembilan,limapuluh,limapuluh satu,limapuluh dua,limapuluh tiga,limapuluh empat,limapuluh lima,limapuluh enam,limapuluh tujuh,limapuluh delapan,limapuluh sembilan]]>        </sequence>    </group>    <group>        <item highlight="true">            <![CDATA[menit dan]]>        </item>    </group>    <group>        <sequence bind="second" first="0" delimeter=",">            <![CDATA[nol,satu,dua,tiga,empat,lima,enam,tujuh,delapan,sembilan,sepuluh,sebelas,duabelas,tigabelas,empatbelas,limabelas,enambelas,tujuhbelas,delapanbelas,sembilanbelas,duapuluh,duapuluh satu,duapuluh dua,duapuluh tiga,duapuluh empat,duapuluh lima,duapuluh enam,duapuluh tujuh,duapuluh delapan,duapuluh sembilan,tigapuluh,tigapuluh satu,tigapuluh dua,tigapuluh tiga,tigapuluh empat,tigapuluh lima,tigapuluh enam,tigapuluh tujuh,tigapuluh delapan,tigapuluh sembilan,empatpuluh,empatpuluh satu,empatpuluh dua,empatpuluh tiga,empatpuluh empat,empatpuluh lima,empatpuluh enam,empatpuluh tujuh,empatpuluh delapan,empatpuluh sembilan,limapuluh,limapuluh satu,limapuluh dua,limapuluh tiga,limapuluh empat,limapuluh lima,limapuluh enam,limapuluh tujuh,limapuluh delapan,limapuluh sembilan]]>        </sequence>    </group>    <group>        <item highlight="true">            <![CDATA[detik]]>        </item>    </group></wordclock>