<?xml version="1.0" encoding="UTF-8"?><wordclock language="it">    <title>        <![CDATA[È mezzanotte, ventun minuti e ventitré secondi]]>    </title>    <author>        <name>            <![CDATA[R Santi]]>        </name>        <url>            <![CDATA[]]>        </url>        <email>            <![CDATA[badpazzword@gmail.com]]>        </email>    </author>    <suitability>        <suitable style="linear"/>        <suitable style="rotary"/>    </suitability>    <group>        <item highlight="twentyfourhour == 0 || twentyfourhour == 1 || twentyfourhour == 12">            <![CDATA[È]]>        </item>        <item highlight="else">            <![CDATA[Sono]]>        </item>        <space count="22"/>    </group>    <group>        <item highlight="twentyfourhour == 0 || twentyfourhour == 12">            <![CDATA[]]>        </item>        <item highlight="twentyfourhour == 1">            <![CDATA[l']]>        </item>        <item highlight="else">            <![CDATA[le]]>        </item>        <space count="21"/>    </group>    <group>        <sequence bind="twentyfourhour" first="0" delimeter=",">            <![CDATA[mezzanotte,una,due,tre,quattro,cinque,sei,sette,otto,nove,dieci,undici,mezzogiorno,tredici,quattordici,quindici,sedici,diciassette,diciotto,diciannove,venti,ventuno,ventidue, ventitré]]>        </sequence>    </group>    <group>        <item highlight="minute &gt; 0 &amp;&amp; second &gt; 0">            <![CDATA[,]]>        </item>        <item highlight="minute &gt; 0 &amp;&amp; second == 0">            <![CDATA[e]]>        </item>        <space count="58"/>    </group>    <group>        <sequence bind="minute" first="0" delimeter=",">            <![CDATA[in punto,un,due,tre,quattro,cinque,sei,sette,otto,nove,dieci,undici,dodici,tredici,quattordici,quindici,sedici,diciassette,diciotto,diciannove,venti,ventuno,ventidue,ventitré,ventiquattro,venticinque,ventisei,ventisette,ventotto,ventinove,trenta,trentuno,trentadue,trentatré,trentaquattro,trentacinque,trentasei,trentasette,trentotto,trentanove,quaranta,quarantuno,quarantadue,quarantatré,quarantaquattro,quarantacinque,quarantasei,quarantasette,quarantotto,quarantanove,cinquanta,cinquantuno,cinquantadue,cinquantatré,cinquantaquattro,cinquantacinque,cinquantasei,cinquantasette,cinquantotto,cinquantanove]]>        </sequence>    </group>    <group>        <item highlight="minute==0">            <![CDATA[]]>        </item>        <item highlight="minute==1">            <![CDATA[minuto]]>        </item>        <item highlight="minute&gt;1">            <![CDATA[minuti]]>        </item>        <space count="57"/>    </group>    <group>        <item highlight="second == 0">            <![CDATA[]]>        </item>        <item highlight="else">            <![CDATA[e]]>        </item>        <space count="58"/>    </group>    <group>        <sequence bind="second" first="0" delimeter=",">            <![CDATA[,un,due,tre,quattro,cinque,sei,sette,otto,nove,dieci,undici,dodici,tredici,quattordici,quindici,sedici,diciassette,diciotto,diciannove,venti,ventuno,ventidue,ventitré,ventiquattro,venticinque,ventisei,ventisette,ventotto,ventinove,trenta,trentuno,trentadue,trentatré,trentaquattro,trentacinque,trentasei,trentasette,trentotto,trentanove,quaranta,quarantuno,quarantadue,quarantatré,quarantaquattro,quarantacinque,quarantasei,quarantasette,quarantotto,quarantanove,cinquanta,cinquantuno,cinquantadue,cinquantatré,cinquantaquattro,cinquantacinque,cinquantasei,cinquantasette,cinquantotto,cinquantanove]]>        </sequence>    </group>    <group>        <item highlight="second==0">            <![CDATA[]]>        </item>        <item highlight="second==1">            <![CDATA[secondo]]>        </item>        <item highlight="else">            <![CDATA[secondi]]>        </item>        <space count="57"/>    </group></wordclock>