<?xml version="1.0" encoding="UTF-8"?>
<wordclock language="sl">
    <title>
        <![CDATA[Četrt na pet in dvaintrideset sekund]]>
    </title>
    <author>
        <name>
            <![CDATA[Damjan Pavlovec]]>
        </name>
        <url>
            <![CDATA[]]>
        </url>
        <email>
            <![CDATA[damjan_pavlovec@hotmail.com]]>
        </email>
    </author>
    <suitability>
        <suitable style="rotary"/>
        <suitable style="linear"/>
    </suitability>
    <group>
        <item highlight="minute&gt;55 || minute&lt;5">
            <![CDATA[]]>
        </item>
        <item highlight="minute==5">
            <![CDATA[Pet čez]]>
        </item>
        <item highlight="minute&gt;5 &amp;&amp; minute&lt;10">
            <![CDATA[]]>
        </item>
        <item highlight="minute==10">
            <![CDATA[Deset čez]]>
        </item>
        <item highlight="minute&gt;10 &amp;&amp; minute&lt;15">
            <![CDATA[]]>
        </item>
        <item highlight="minute==15">
            <![CDATA[Četrt čez]]>
        </item>
        <item highlight="minute&gt;15 &amp;&amp; minute&lt;20">
            <![CDATA[]]>
        </item>
        <item highlight="minute==20">
            <![CDATA[Dvajset čez]]>
        </item>
        <item highlight="minute&gt;20 &amp;&amp; minute&lt;25">
            <![CDATA[]]>
        </item>
        <item highlight="minute==25">
            <![CDATA[Petindvajset čez]]>
        </item>
        <item highlight="minute&gt;25 &amp;&amp; minute&lt;30">
            <![CDATA[]]>
        </item>
        <item highlight="minute==30">
            <![CDATA[Trideset čez]]>
        </item>
        <item highlight="minute&gt;30 &amp;&amp; minute&lt;35">
            <![CDATA[]]>
        </item>
        <item highlight="minute==35">
            <![CDATA[Petindvajset na]]>
        </item>
        <item highlight="minute&gt;35 &amp;&amp; minute&lt;40">
            <![CDATA[]]>
        </item>
        <item highlight="minute==40">
            <![CDATA[Dvajset na]]>
        </item>
        <item highlight="minute&gt;40 &amp;&amp; minute&lt;45">
            <![CDATA[]]>
        </item>
        <item highlight="minute==45">
            <![CDATA[Četrt na]]>
        </item>
        <item highlight="minute&gt;45 &amp;&amp; minute&lt;50">
            <![CDATA[]]>
        </item>
        <item highlight="minute==50">
            <![CDATA[Deset na]]>
        </item>
        <item highlight="minute&gt;50 &amp;&amp; minute&lt;55">
            <![CDATA[]]>
        </item>
        <item highlight="minute==55">
            <![CDATA[Pet na]]>
        </item>
    </group>
    <group>
        <item highlight="(minute==0) &amp;&amp; (hour==1)">
            <![CDATA[Ena]]>
        </item>
        <item highlight="(minute&gt;=1) &amp;&amp; (hour==1 &amp;&amp; ((minute%5 != 0) || minute==0))">
            <![CDATA[Ena,]]>
        </item>
        <item highlight="(minute&gt;=1) &amp;&amp; ((hour==1 &amp;&amp; (minute%5 == 0) &amp;&amp; minute &lt;=30) || (hour==12 &amp;&amp; (minute%5 == 0) &amp;&amp; minute &gt; 30))">
            <![CDATA[eno]]>
        </item>
        
        <item highlight="(minute==0) &amp;&amp; (hour==2)">
            <![CDATA[Dve]]>
        </item>
        <item highlight="(minute&gt;=1) &amp;&amp; (hour==2 &amp;&amp; ((minute%5 != 0) || minute==0))">
            <![CDATA[Dve,]]>
        </item>
        <item highlight="(minute&gt;=1) &amp;&amp; ((hour==2 &amp;&amp; (minute%5 == 0) &amp;&amp; minute &lt;=30) || (hour==1 &amp;&amp; (minute%5 == 0) &amp;&amp; minute &gt; 30))">
            <![CDATA[drugo]]>
        </item>
        
        <item highlight="(minute==0) &amp;&amp; (hour==3)">
            <![CDATA[Tri]]>
        </item>
        <item highlight="(minute&gt;=1) &amp;&amp; (hour==3 &amp;&amp; ((minute%5 != 0) || minute==0))">
            <![CDATA[Tri,]]>
        </item>
        <item highlight="(minute&gt;=1) &amp;&amp; ((hour==3 &amp;&amp; (minute%5 == 0) &amp;&amp; minute &lt;=30) || (hour==2 &amp;&amp; (minute%5 == 0) &amp;&amp; minute &gt; 30))">
            <![CDATA[tretjo]]>
        </item>
        
        <item highlight="(minute==0) &amp;&amp; (hour==4)">
            <![CDATA[Štiri]]>
        </item>
        <item highlight="(minute&gt;=1) &amp;&amp; (hour==4 &amp;&amp; ((minute%5 != 0) || minute==0))">
            <![CDATA[Štiri,]]>
        </item>
        <item highlight="(minute&gt;=1) &amp;&amp; ((hour==4 &amp;&amp; (minute%5 == 0) &amp;&amp; minute &lt;=30) || (hour==3 &amp;&amp; (minute%5 == 0) &amp;&amp; minute &gt; 30))">
            <![CDATA[četrto]]>
        </item>
        
        <item highlight="(minute==0) &amp;&amp; (hour==5)">
            <![CDATA[Pet]]>
        </item>
        <item highlight="(minute&gt;=1) &amp;&amp; (hour==5 &amp;&amp; ((minute%5 != 0) || minute==0))">
            <![CDATA[Pet,]]>
        </item>
        <item highlight="(minute&gt;=1) &amp;&amp; ((hour==5 &amp;&amp; (minute%5 == 0) &amp;&amp; minute &lt;=30) || (hour==4 &amp;&amp; (minute%5 == 0) &amp;&amp; minute &gt; 30))">
            <![CDATA[peto]]>
        </item>
        
        <item highlight="(minute==0) &amp;&amp; (hour==6)">
            <![CDATA[Šest]]>
        </item>
        <item highlight="(minute&gt;=1) &amp;&amp; (hour==6 &amp;&amp; ((minute%5 != 0) || minute==0))">
            <![CDATA[Šest,]]>
        </item>
        <item highlight="(minute&gt;=1) &amp;&amp; ((hour==6 &amp;&amp; (minute%5 == 0) &amp;&amp; minute &lt;=30) || (hour==5 &amp;&amp; (minute%5 == 0) &amp;&amp; minute &gt; 30))">
            <![CDATA[šesto]]>
        </item>
        
        <item highlight="(minute==0) &amp;&amp; (hour==7)">
            <![CDATA[Sedem]]>
        </item>
        <item highlight="(minute&gt;=1) &amp;&amp; (hour==7 &amp;&amp; ((minute%5 != 0) || minute==0))">
            <![CDATA[Sedem,]]>
        </item>
        <item highlight="(minute&gt;=1) &amp;&amp; ((hour==7 &amp;&amp; (minute%5 == 0) &amp;&amp; minute &lt;=30) || (hour==6 &amp;&amp; (minute%5 == 0) &amp;&amp; minute &gt; 30))">
            <![CDATA[sedmo]]>
        </item>
        
        <item highlight="(minute==0) &amp;&amp; (hour==8)">
            <![CDATA[Osem]]>
        </item>
        <item highlight="(minute&gt;=1) &amp;&amp; (hour==8 &amp;&amp; ((minute%5 != 0) || minute==0))">
            <![CDATA[Osem,]]>
        </item>
        <item highlight="(minute&gt;=1) &amp;&amp; ((hour==8 &amp;&amp; (minute%5 == 0) &amp;&amp; minute &lt;=30) || (hour==7 &amp;&amp; (minute%5 == 0) &amp;&amp; minute &gt; 30))">
            <![CDATA[osmo]]>
        </item>
        
        <item highlight="(minute==0) &amp;&amp; (hour==9)">
            <![CDATA[Devet]]>
        </item>
        <item highlight="(minute&gt;=1) &amp;&amp; (hour==9 &amp;&amp; ((minute%5 != 0) || minute==0))">
            <![CDATA[Devet,]]>
        </item>
        <item highlight="(minute&gt;=1) &amp;&amp; ((hour==9 &amp;&amp; (minute%5 == 0) &amp;&amp; minute &lt;=30) || (hour==8 &amp;&amp; (minute%5 == 0) &amp;&amp; minute &gt; 30))">
            <![CDATA[deveto]]>
        </item>
        
        <item highlight="(minute==0) &amp;&amp; (hour==10)">
            <![CDATA[Deset]]>
        </item>
        <item highlight="(minute&gt;=1) &amp;&amp; (hour==10 &amp;&amp; ((minute%5 != 0) || minute==0))">
            <![CDATA[Deset,]]>
        </item>
        <item highlight="(minute&gt;=1) &amp;&amp; ((hour==10 &amp;&amp; (minute%5 == 0) &amp;&amp; minute &lt;=30) || (hour==9 &amp;&amp; (minute%5 == 0) &amp;&amp; minute &gt; 30))">
            <![CDATA[deseto]]>
        </item>
        
        <item highlight="(minute==0) &amp;&amp; (hour==11)">
            <![CDATA[Enajst]]>
        </item>
        <item highlight="(minute&gt;=1) &amp;&amp; (hour==11 &amp;&amp; ((minute%5 != 0) || minute==0))">
            <![CDATA[Enajst,]]>
        </item>
        <item highlight="(minute&gt;=1) &amp;&amp; ((hour==11 &amp;&amp; (minute%5 == 0) &amp;&amp; minute &lt;=30) || (hour==10 &amp;&amp; (minute%5 == 0) &amp;&amp; minute &gt; 30))">
            <![CDATA[enajsto]]>
        </item>
        
        <item highlight="(minute==0) &amp;&amp; (hour==12)">
            <![CDATA[Dvanajst]]>
        </item>
        <item highlight="(minute&gt;=1) &amp;&amp; (hour==12 &amp;&amp; ((minute%5 != 0) || minute==0))">
            <![CDATA[Dvanajst,]]>
        </item>
        <item highlight="(minute&gt;=1) &amp;&amp; ((hour==12 &amp;&amp; (minute%5 == 0) &amp;&amp; minute &lt;=30) || (hour==11 &amp;&amp; (minute%5 == 0) &amp;&amp; minute &gt; 30))">
            <![CDATA[dvanajsto]]>
        </item>
    </group>
    <group>
        <sequence bind="minute" first="0" delimeter=";">
            <![CDATA[;ena;dve;tri;štiri;;šest;sedem;osem;devet;;enajst;dvanajst;trinajst;štirinajst;;šestnajst;sedemnajst;osemnajst;devetnajst;;enaindvajset;dvaindvajset;triindvajset;štiriindvajset;;šestindvajset;sedemindvajset;osemindvajset;devetindvajset;;enaintrideset;dvaintrideset;triintridest;štiriintrideset;;šestintrideset;sedemintrideset;osemintrideset;devetintrideset;;enainštirideset;dvainštirideset;triinštirideset;štiriinštirideset;;šestinštirideset;sedeminštirideset;oseminštirideset;devetinštirideset;;enainpetdeset;dvainpetdeset;triinpetdeset;štiriinpetdeset;;šestinpetdeset;sedeminpetdeset;oseminpetdeset;devetinpetdeset]]>
        </sequence>
    </group>
    <group>
        <item highlight="minute==0 || (minute%5 == 0)">
            <![CDATA[]]>
        </item>
        <item highlight="minute==1">
            <![CDATA[minuta]]>
        </item>
        <item highlight="minute==2">
            <![CDATA[minuti]]>
        </item>
        <item highlight="minute==3 || minute==4">
            <![CDATA[minute]]>
        </item>
        <item highlight="minute&gt;=5 &amp;&amp; (minute%5 != 0)">
            <![CDATA[minut]]>
        </item>
        <space count="55"/>
    </group>
    <group>
        <item highlight="second==0">
            <![CDATA[]]>
        </item>
        <item highlight="second&gt;=1">
            <![CDATA[in]]>
        </item>
        <space count="58"/>
    </group>
    <group>
        <sequence bind="second" first="0" delimeter=";">
            <![CDATA[;ena;dve;tri;štiri;pet;šest;sedem;osem;devet;deset;enajst;dvanajst;trinajst;štirinajst;petnajst;šestnajst;sedemnajst;osemnajst;devetnajst;dvajset;enaindvajset;dvaindvajset;triindvajset;štiriindvajset;petindvajset;šestindvajset;sedemindvajset;osemindvajset;devetindvajset;trideset;enaintrideset;dvaintrideset;triintrideset;štiriintrideset;petintrideset;šestintrideset;sedemintrideset;osemintrideset;devetintrideset;štirideset;enainštirideset;dvainštirideset;triinštirideset;štiriinštirideset;petinštirideset;šestinštirideset;sedeminštirideset;oseminštirideset;devetinštirideset;petdeset;enainpetdeset;dvainpetdeset;triinpetdeset;štiriinpetdeset;petinpetdeset;šestinpetdeset;sedeminpetdeset;oseminpetdeset;devetinpetdeset]]>
        </sequence>
    </group>
    
    <group>
        <item highlight="second==0">
            <![CDATA[]]>
        </item>
        <item highlight="second==1">
            <![CDATA[sekunda]]>
        </item>
        <item highlight="second==2">
            <![CDATA[sekundi]]>
        </item>
        <item highlight="second==3 || second==4">
            <![CDATA[sekunde]]>
        </item>
        <item highlight="second&gt;=5">
            <![CDATA[sekund]]>
        </item>
        <space count="55"/>
    </group>
</wordclock>
