<?xml version="1.0" encoding="UTF-8"?><wordclock language="th">    <title>        <![CDATA[วันพฤหัสบดีที่สี่ ตุลาคม สิบโมง สามสิบเก้านาที สิบห้าวินาที]]>    </title>    <author>        <name>            <![CDATA[Puripant Ruchikachorn]]>        </name>        <url>            <![CDATA[]]>        </url>        <email>            <![CDATA[puripant@gmail.com]]>        </email>    </author>    <suitability>        <suitable style="linear"/>        <suitable style="rotary"/>    </suitability>    <group>        <sequence bind="day" first="0" delimeter=",">            <![CDATA[วันอาทิตย์,วันจันทร์,วันอังคาร,วันพุทธ,วันพฤหัสบดี,วันศุกร์,วันเสาร์]]>        </sequence>    </group>    <group>        <item highlight="true">            <![CDATA[ที่]]>        </item>    </group>    <group>        <sequence bind="date" first="1" delimeter=",">            <![CDATA[หนึ่ง,สอง,สาม,สี่,ห้า,หก,เจ็ด,แปด,เก้า,สิบ,สิบเอ็ด,สิบสอง,สิบสาม,สิบสี่,สิบห้า,สิบหก,สิบเจ็ด,สิบแปด,สิบเก้า,ยี่สิบ,ยี่สิบเอ็ด,ยี่สิบสอง,ยี่สิบสาม,ยี่สิบสี่,ยี่สิบห้า,ยี่สิบหก,ยี่สิบเจ็ด,ยี่สิบแปด,ยี่สิบเก้า,สามสิบ,สามสิบเอ็ด]]>        </sequence>    </group>    <group>        <sequence bind="month" first="0" delimeter=",">            <![CDATA[มกราคม,กุมภาพันธ์,มีนาคม,เมษายน,พฤษภาคม,มิถุนายน,กรกฎาคม,สิงหาคม,กันยายน,ตุลาคม,พฤศจิกายน,ธันวาคม]]>        </sequence>    </group>    <group>        <sequence bind="twentyfourhour" first="0" delimeter=",">            <![CDATA[เที่ยงคืน,ตีหนึ่ง,ตีสอง,ตีสาม,ตีสี,ตีห้า,หกโมงเช้า,เจ็ดโมง,แปดโมง,เก้าโมง,สิบโมง,สิบเอ็ดโมง,เที่ยง,บ่ายโมง,บ่ายสองโมง,บ่ายสามโมง,สี่โมงเย็น,ห้าโมงเย็น,หกโมงเย็น,หนึ่งทุ่ม,สองทุ่ม,สามทุ่ม,สี่ทุ่ม,ห้าทุ่ม]]>        </sequence>    </group>    <group>        <sequence bind="minute" first="0" delimeter=",">            <![CDATA[ศูนย์,หนึ่ง,สอง,สาม,สี่,ห้า,หก,เจ็ด,แปด,เก้า,สิบ,สิบเอ็ด,สิบสอง,สิบสาม,สิบสี่,สิบห้า,สิบหก,สิบเจ็ด,สิบแปด,สิบเก้า,ยี่สิบ,ยี่สิบเอ็ด,ยี่สิบสอง,ยี่สิบสาม,ยี่สิบสี่,ยี่สิบห้า,ยี่สิบหก,ยี่สิบเจ็ด,ยี่สิบแปด,ยี่สิบเก้า,สามสิบ,สามสิบเอ็ด,สามสิบสอง,สามสิบสาม,สามสิบสี่,สามสิบห้า,สามสิบหก,สามสิบเจ็ด,สามสิบแปด,สามสิบเก้า,สี่สิบ,สี่สิบเอ็ด,สี่สิบสอง,สี่สิบสาม,สี่สิบสี่,สี่สิบห้า,สี่สิบหก,สี่สิบเจ็ด,สี่สิบแปด,สี่สิบเก้า,ห้าสิบ,ห้าสิบเอ็ด,ห้าสิบสอง,ห้าสิบสาม,ห้าสิบสี่,ห้าสิบห้า,ห้าสิบหก,ห้าสิบเจ็ด,ห้าสิบแปด,ห้าสิบเก้า]]>        </sequence>    </group>    <group>        <item highlight="true">            <![CDATA[นาที]]>        </item>    </group>    <group>        <sequence bind="second" first="0" delimeter=",">            <![CDATA[ศูนย์,หนึ่ง,สอง,สาม,สี่,ห้า,หก,เจ็ด,แปด,เก้า,สิบ,สิบเอ็ด,สิบสอง,สิบสาม,สิบสี่,สิบห้า,สิบหก,สิบเจ็ด,สิบแปด,สิบเก้า,ยี่สิบ,ยี่สิบเอ็ด,ยี่สิบสอง,ยี่สิบสาม,ยี่สิบสี่,ยี่สิบห้า,ยี่สิบหก,ยี่สิบเจ็ด,ยี่สิบแปด,ยี่สิบเก้า,สามสิบ,สามสิบเอ็ด,สามสิบสอง,สามสิบสาม,สามสิบสี่,สามสิบห้า,สามสิบหก,สามสิบเจ็ด,สามสิบแปด,สามสิบเก้า,สี่สิบ,สี่สิบเอ็ด,สี่สิบสอง,สี่สิบสาม,สี่สิบสี่,สี่สิบห้า,สี่สิบหก,สี่สิบเจ็ด,สี่สิบแปด,สี่สิบเก้า,ห้าสิบ,ห้าสิบเอ็ด,ห้าสิบสอง,ห้าสิบสาม,ห้าสิบสี่,ห้าสิบห้า,ห้าสิบหก,ห้าสิบเจ็ด,ห้าสิบแปด,ห้าสิบเก้า]]>        </sequence>    </group>    <group>        <item highlight="true">            <![CDATA[วินาที]]>        </item>    </group></wordclock>